"job_id","job_title","company_name","job_country","yearly_salary"
177779,"Data Scientist","East River Electric Power Cooperative, Inc.","United States","960000"
1008448,"Senior Data Scientist","MSP Staffing  LTD","South Africa","890000"
226942,"Data Analyst","Mantys","India","650000"
730717,"Data Engineer (L4) - Games","Netflix","Sudan","450000"
209315,"Data base administrator","ЛАНИТ","Belarus","400000"
527981,"Director of Engineering, Data Platform","Ripple","Canada","375000"
717772,"Senior Director of Data Analytics Innovation","Oncology Analytics","Puerto Rico","375000"
656277,"Data scientist","SWS","Russia","320000"
763041,"SQL Developer","SmartBrain","Russia","320000"
232256,"Distinguished Engineer, Data Architecture (Remote Eligible)","Capital One","Bahamas","284016"
1601110,"Staff Software Engineer - MLOps","Rokt","Australia","257500"
1540095,"Head of Data Engineering","Etsy","United Kingdom","249000"
743395,"Data Engineer","Eliiza","New Zealand","249000"
176193,"Data Engineer – Lead","Metyis","Mexico","249000"
299070,"Director of Technology - Data Engineering SME","Publicis Groupe","United Arab Emirates","249000"
367792,"Director of Engineering, ML Platform","MongoDB","Colombia","249000"
1717028,"Director of Data platform, Data engineering","TripAdvisor","France","249000"
371551,"Director, Area Lead Engineer Data Engineering","H&M Group","Sweden","249000"
205802,"Senior ML Engineer - Gen AI","Beam Suntory","Spain","225000"
1089547,"Quantitative Researcher - Machine Learning / AI","Radix Trading, LLC","Netherlands","225000"
441924,"Senior Ai Research Engineer","Worldcoin","Germany","224500"
1773555,"Senior Machine Learning Engineer, Computer Vision","Worldcoin","Germany","224500"
146371,"Senior ML Engineer","PackageX","Pakistan","224500"
1622062,"Senior Staff Engineer, Insights and Telemetry (InTel)","MongoDB","Brazil","224000"
1260479,"Senior Staff Engineer, Insights and Telemetry (InTel)","MongoDB","Brazil","224000"
303478,"Director of Engineering, ML Platform","MongoDB","Argentina","222000"
757218,"Head of Data Platform and Cloud","Palta","Poland","221000"
238393,"VMS Data Science Manager","Visa","Japan","212000"
334637,"Software Engineer: Stream Processing","Observe","Switzerland","206000"
240178,"Research Engineer - Data Science","Trusting Social","Vietnam","200000"
1426728,"Research Engineer (partial work abroad)","WINGS-ICT-SOLUTIONS","Greece","200000"
776249,"Senior Research Engineer","WINGS-ICT-SOLUTIONS","Greece","200000"
1803208,"Research Engineer - Credit Insight","Trusting Social","Vietnam","200000"
815960,"Mep engineer","CBRE","Guam","195000"
111632,"Applied Scientist","Etsy","Ireland","194500"
276825,"Applied Scientist, SDO Privacy - PDC team","Amazon.com","Romania","194500"
1235579,"Applied Scientist, SDO Privacy - PDC team","Amazon.com","Romania","194500"
1016233,"Senior Applied Scientist","Tractable","Romania","194500"
1774340,"Applied Scientist - Machine Learning (US/KR)","Gauss Labs","South Korea","194500"
1803790,"Senior Applied Scientist II","Etsy","Ireland","194500"
1050580,"Big Data Engineer, Blockchain","Nexo","Bulgaria","192500"
800765,"Data Science Manager (Bangkok based, relocation provided)","Agoda","Thailand","192000"
110482,"Data Science Manager","Forter","Israel","192000"
621106,"Data Science Manager","ZipRecruiter","Israel","192000"
359491,"Data Science Lead","Palta","Cyprus","191000"
1453625,"Senior Data Engineer","WhiteCrow","Namibia","190000"
978264,"Senior Machine Learning Engineer","Farfetch","Portugal","189500"
215975,"Senior ML Engineer","DoubleVerify","Finland","185500"
489473,"Senior NLP/ML Engineer","Exadel","Hungary","185500"
182858,"Senior Software Engineer (Confirmations - System)","ConsenSys","Luxembourg","184500"
670865,"Data Science Manager","Airwallex","Singapore","183320"
401373,"Senior AI Engineer","Gapstars","Sri Lanka","182325"
104485,"DeFi Analyst (Executive Advisor) at DeFi Project on Aptos Network","Anaxyn Project","Taiwan","180000"
1296160,"Data Engineer Director","EVYD Technology","Brunei","177500"
416185,"Staff Revenue Operations Analyst","Gladly","Panama","170500"
59929,"Head of Data & Insights (m/f/d)","Nets","Denmark","166419"
547941,"Head of Data and Research Methods Unit","IITA","Nigeria","166419"
325400,"Machine Learning Engineer","tiket.com","Indonesia","166000"
409952,"Senior Machine Learning Engineer","Experian","Malaysia","166000"
177972,"Senior Machine Learning Engineer","Mindvalley","Malaysia","166000"
495407,"Senior Machine Learning Engineer","Devoteam","Tunisia","166000"
1546116,"Machine Learning Engineer","ZeroFox","Chile","166000"
1686223,"Machine Learning Engineer","Unifonic","Egypt","166000"
620368,"Data Architect","Publicis Groupe","Costa Rica","165000"
53650,"Data Architect","Blue Harvest","Belgium","165000"
217134,"Senior Data Architect","Hitachi Solutions","Costa Rica","165000"
155094,"Data Architect","Devoteam","Belgium","165000"
88304,"Data Architect","Devoteam","Belgium","165000"
1380376,"Consultant* – Data Engineering und Data Architecture","Capco","Austria","165000"
280829,"Data Architect","Devoteam","Belgium","165000"
3230,"Sales Ops BI Data Architect","Sysdig, Inc.","Costa Rica","165000"
962791,"Senior AI Engineer (Python)","Bertelsmann","Latvia","164500"
647273,"Data Scientist","World Vision","Philippines","164000"
435780,"Data scientist","ALTEN","Morocco","164000"
304305,"Data Architect (Azure)","EUROPEAN DYNAMICS","Malta","163782"
628916,"Data Architect (Azure)","NRB Group","Malta","163782"
515953,"Data Architect (optional relocation to Montenegro)","Libertex Group","Turkey","163782"
1472681,"Senior/Lead Data Scientist","Lyft","Czechia","157500"
79296,"Data Scientist","HTEC Group","Croatia","157500"
894461,"Data Scientist","Pure Storage","Czechia","157500"
215704,"Senior/Lead Data Scientist","Lyft","Czechia","157500"
671349,"Senior Data Scientist (f/m/x), Albania","AUTO1 Group","Albania","157500"
101905,"Senior Data Scientist","SentinelOne","Czechia","157500"
832198,"Senior Data Scientist - Visa Consulting & Analytics","Visa","Dominican Republic","157500"
506488,"Data Scientist","Jobbatical","Estonia","157500"
125082,"Data Scientist","Méthode Srl","Italy","157500"
809847,"Data Scientist","Satispay","Italy","157500"
1204476,"Senior Data Scientist","Visa","Kazakhstan","157500"
152373,"Data Scientist (AI Team)","Hostinger","Lithuania","157500"
249901,"Data Scientist, Marketing Analytics","Dun & Bradstreet","Norway","157500"
71756,"Senior / Lead Data Scientist","Rystad Energy","Norway","157500"
1707420,"Data Scientist","Nielsen","Norway","157500"
1448654,"Data Scientist","Deutsche Telekom IT Solutions Slovakia","Slovakia","157500"
47351,"Data Scientist (Senior or Staff) - Data, Analytics and Governance","SentinelOne","Slovakia","157500"
854945,"Senior Data Scientist","Sportradar","Slovenia","157500"
89438,"Data Scientist","JustAnswer LLC","Ukraine","157500"
623936,"Data Scientist","Lyft","Ukraine","157500"
1714656,"Senior Data Scientist","Surprise.com","Ukraine","157500"
217145,"Senior Data Engineer (Azure)","Applaudo Studios","Peru","155500"
25761,"Data Analyst - Remote","CaptivateIQ","","155485"
1370225,"Data Scientist","United States Army","U.S. Virgin Islands","152174"
536395,"Data Engineer - ETL Developer","Verisk","Nepal","147500"
1421510,"Data Engineer","Foursquare","Serbia","147500"
43144,"Senior Data Engineer","Foursquare","Serbia","147500"
1230696,"Senior Data Engineer","dentsu international","Serbia","147500"
683333,"Senior Data Engineer","Applaudo Studios","El Salvador","147500"
217654,"Data Engineer","Talan","Côte d'Ivoire","147500"
74268,"Senior Data Engineer","BitMEX","Hong Kong","147500"
545477,"Data Engineer","Applaudo Studios","El Salvador","147500"
538227,"Senior Data Engineer","Airwallex","Hong Kong","147500"
1448435,"Senior Associate Data Engineer","Publicis Groupe","Mauritius","147500"
557858,"Data Engineering Manager","Wasoko","Kenya","147500"
437466,"QA ML Engineer","SuperAnnotate","Armenia","128682"
1070035,"ENGINEER","United Nations Organization Stabilization Mission in the Democratic Republic of Congo (MONUSCO)","Congo, Democratic Republic of the","117407"
90297,"Senior Engineering Manager - Data - Remote","Correlation One","Guatemala","115000"
337067,"Data Analyst II","Remitly","Nicaragua","111175"
225661,"Lead Software Engineer (Blockchain)","Cere Network","Djibouti","110000"
193948,"Data Analyst - OpenData Europe","Veeva Systems","Macedonia (FYROM)","105000"
123244,"Data Analyst","Montevideo Labs","Uruguay","100500"
293695,"Data Analyst","myAgro","Senegal","100500"
1323425,"Lab System Engineer - Philadelphia United States - Work from Office","Excelra","Jamaica","100000"
493024,"Data Engineer, Analytics & Insights","Augmedix","Bangladesh","97444"
458013,"Data Engineer","AlGooru","Lebanon","96773"
325751,"Associate Data Scientist","KoBold Metals","Zambia","90670"
1318578,"Post-Doctoral Fellow or Associate - Agronomy Data Scientist","CIMMYT","Zimbabwe","90670"
287606,"Data Analyst","HEINEKEN","Cambodia","89204"
311241,"Machine Learning Operations Engineer","DeepIntent","Bosnia and Herzegovina","89100"
22823,"Data Scientist","Management Sciences for Health (MSH)","Uganda","84200"
28041,"Data Scientist","Umniah","Jordan","70000"
418175,"Data Analyst - Research Analysis Specialist (71865)","Minnesota Pollution Control Agency","China","68590"
23796,"Power BI Analyst","Charger Logistics Inc","Honduras","63000"
377681,"Junior Data Analyst","Libertex Group","Montenegro","53014"
110682,"Data Quality engineer","Kanda Software","Kyrgyzstan","52500"
386209,"Ingénieur Big Data","Atos","Algeria","45000"
